timeStamp,elapsed,label,responseCode,responseMessage,threadName,dataType,success,failureMessage,bytes,sentBytes,grpThreads,allThreads,URL,Latency,IdleTime,Connect
1712160711200,1716,HTTP Request,200,OK,Task 6 Thread 6-1,text,true,,281419,128,9,11,https://api.publicapis.org/entries,772,0,544
1712160711399,1728,HTTP Request,200,OK,Task 6 Thread 6-2,text,true,,281419,128,10,12,https://api.publicapis.org/entries,716,0,489
1712160712916,298,HTTP Request,200,OK,Task 6 Thread 6-1,text,true,,281419,128,11,17,https://api.publicapis.org/entries,235,0,0
1712160711600,1657,HTTP Request,200,OK,Task 6 Thread 6-3,text,true,,281419,128,11,17,https://api.publicapis.org/entries,677,0,449
1712160711800,2279,HTTP Request,200,OK,Task 6 Thread 6-4,text,true,,281419,128,15,20,https://api.publicapis.org/entries,684,0,456
1712160711999,2644,HTTP Request,200,OK,Task 6 Thread 6-5,text,true,,281419,128,18,23,https://api.publicapis.org/entries,695,0,463
1712160714079,965,HTTP Request,200,OK,Task 6 Thread 6-4,text,true,,281419,128,20,24,https://api.publicapis.org/entries,252,0,0
1712160713399,1731,HTTP Request,200,OK,Task 6 Thread 6-12,text,true,,281419,128,20,24,https://api.publicapis.org/entries,722,0,494
1712160713599,1843,HTTP Request,200,OK,Task 6 Thread 6-13,text,true,,281419,128,22,30,https://api.publicapis.org/entries,824,0,595
1712160713799,1716,HTTP Request,200,OK,Task 6 Thread 6-14,text,true,,281419,128,22,29,https://api.publicapis.org/entries,691,0,457
1712160714643,951,HTTP Request,200,OK,Task 6 Thread 6-5,text,true,,281419,128,22,29,https://api.publicapis.org/entries,249,0,0
1712160715130,476,HTTP Request,200,OK,Task 6 Thread 6-12,text,true,,281419,128,23,29,https://api.publicapis.org/entries,235,0,0
1712160714000,1816,HTTP Request,200,OK,Task 6 Thread 6-15,text,true,,281419,128,24,30,https://api.publicapis.org/entries,742,0,477
1712160715044,831,HTTP Request,200,OK,Task 6 Thread 6-4,text,true,,281419,128,24,30,https://api.publicapis.org/entries,234,0,0
1712160713127,2761,HTTP Request,200,OK,Task 6 Thread 6-2,text,true,,281419,128,24,30,https://api.publicapis.org/entries,349,0,0
1712160713214,2726,HTTP Request,200,OK,Task 6 Thread 6-1,text,true,,281419,128,24,30,https://api.publicapis.org/entries,1259,0,0
1712160715442,521,HTTP Request,200,OK,Task 6 Thread 6-13,text,true,,281419,128,24,30,https://api.publicapis.org/entries,230,0,0
1712160714200,1817,HTTP Request,200,OK,Task 6 Thread 6-16,text,true,,281419,128,25,31,https://api.publicapis.org/entries,717,0,474
1712160715941,335,HTTP Request,200,OK,Task 6 Thread 6-1,text,true,,281419,128,26,32,https://api.publicapis.org/entries,283,0,0
1712160715875,551,HTTP Request,200,OK,Task 6 Thread 6-4,text,true,,281419,128,26,32,https://api.publicapis.org/entries,233,0,0
1712160715516,1231,HTTP Request,200,OK,Task 6 Thread 6-14,text,true,,281419,128,26,32,https://api.publicapis.org/entries,275,0,0
1712160714600,2152,HTTP Request,200,OK,Task 6 Thread 6-18,text,true,,281419,128,26,31,https://api.publicapis.org/entries,722,0,491
1712160714799,2025,HTTP Request,200,OK,Task 6 Thread 6-19,text,true,,281419,128,27,32,https://api.publicapis.org/entries,733,0,473
1712160714400,2472,HTTP Request,200,OK,Task 6 Thread 6-17,text,true,,281419,128,27,32,https://api.publicapis.org/entries,775,0,516
1712160713199,3684,HTTP Request,200,OK,Task 6 Thread 6-11,text,true,,281419,128,27,32,https://api.publicapis.org/entries,1984,0,1721
1712160716017,877,HTTP Request,200,OK,Task 6 Thread 6-16,text,true,,281419,128,27,32,https://api.publicapis.org/entries,324,0,0
1712160713257,3638,HTTP Request,200,OK,Task 6 Thread 6-3,text,true,,281419,128,27,32,https://api.publicapis.org/entries,1478,0,0
1712160712199,4768,HTTP Request,200,OK,Task 6 Thread 6-6,text,true,,281419,128,27,32,https://api.publicapis.org/entries,717,0,474
1712160716747,280,HTTP Request,200,OK,Task 6 Thread 6-14,text,true,,281419,128,28,33,https://api.publicapis.org/entries,225,0,0
1712160715000,2070,HTTP Request,200,OK,Task 6 Thread 6-20,text,true,,281419,128,28,33,https://api.publicapis.org/entries,888,0,532
1712160715888,1483,HTTP Request,200,OK,Task 6 Thread 6-2,text,true,,281419,128,29,36,https://api.publicapis.org/entries,274,0,0
1712160716824,583,HTTP Request,200,OK,Task 6 Thread 6-19,text,true,,281419,128,30,37,https://api.publicapis.org/entries,253,0,0
1712160715594,1832,HTTP Request,200,OK,Task 6 Thread 6-5,text,true,,281419,128,30,37,https://api.publicapis.org/entries,317,0,0
1712160715399,2037,HTTP Request,200,OK,Task 6 Thread 6-22,text,true,,281419,128,30,37,https://api.publicapis.org/entries,877,0,545
1712160717028,530,HTTP Request,200,OK,Task 6 Thread 6-14,text,true,,281419,128,30,37,https://api.publicapis.org/entries,248,0,0
1712160716872,822,HTTP Request,200,OK,Task 6 Thread 6-17,text,true,,281419,128,30,36,https://api.publicapis.org/entries,330,0,0
1712160716752,1096,HTTP Request,200,OK,Task 6 Thread 6-18,text,true,,281419,128,31,37,https://api.publicapis.org/entries,284,0,0
1712160717371,549,HTTP Request,200,OK,Task 6 Thread 6-2,text,true,,281419,128,31,37,https://api.publicapis.org/entries,270,0,0
1712160717509,531,HTTP Request,200,OK,Task 6 Thread 6-20,text,true,,281419,128,31,37,https://api.publicapis.org/entries,239,0,0
1712160712600,5592,HTTP Request,200,OK,Task 6 Thread 6-8,text,true,,281419,128,31,36,https://api.publicapis.org/entries,683,0,456
1712160715816,2457,HTTP Request,200,OK,Task 6 Thread 6-15,text,true,,281419,128,32,37,https://api.publicapis.org/entries,235,0,0
1712160716883,1450,HTTP Request,200,OK,Task 6 Thread 6-11,text,true,,281419,128,30,35,https://api.publicapis.org/entries,348,0,0
1712160716200,2218,HTTP Request,200,OK,Task 6 Thread 6-26,text,true,,281419,128,30,35,https://api.publicapis.org/entries,877,0,635
1712160716967,1555,HTTP Request,200,OK,Task 6 Thread 6-6,text,true,,281419,128,28,32,https://api.publicapis.org/entries,281,0,0
1712160717344,1275,HTTP Request,200,OK,Task 6 Thread 6-27,text,true,,281419,128,28,32,https://api.publicapis.org/entries,260,0,0
1712160717848,828,HTTP Request,200,OK,Task 6 Thread 6-18,text,true,,281419,128,28,32,https://api.publicapis.org/entries,265,0,0
1712160718418,544,HTTP Request,200,OK,Task 6 Thread 6-26,text,true,,281419,128,28,32,https://api.publicapis.org/entries,258,0,0
1712160715606,3371,HTTP Request,200,OK,Task 6 Thread 6-12,text,true,,281419,128,28,32,https://api.publicapis.org/entries,1238,0,0
1712160717426,1655,HTTP Request,200,OK,Task 6 Thread 6-5,text,true,,281419,128,29,33,https://api.publicapis.org/entries,259,0,0
1712160718273,808,HTTP Request,200,OK,Task 6 Thread 6-15,text,true,,281419,128,29,33,https://api.publicapis.org/entries,231,0,0
1712160717668,1527,HTTP Request,200,OK,Task 6 Thread 6-3,text,true,,281419,128,26,34,https://api.publicapis.org/entries,268,0,0
1712160717399,1867,HTTP Request,200,OK,Task 6 Thread 6-32,text,true,,281419,128,25,33,https://api.publicapis.org/entries,799,0,567
1712160718015,1402,HTTP Request,200,OK,Task 6 Thread 6-30,text,true,,281419,128,25,32,https://api.publicapis.org/entries,330,0,0
1712160716002,3638,HTTP Request,200,OK,Task 6 Thread 6-25,text,true,,281419,128,24,30,https://api.publicapis.org/entries,2013,0,1745
1712160718333,1343,HTTP Request,200,OK,Task 6 Thread 6-11,text,true,,281419,128,24,30,https://api.publicapis.org/entries,250,0,0
1712160713000,6734,HTTP Request,200,OK,Task 6 Thread 6-10,text,true,,281419,128,24,29,https://api.publicapis.org/entries,1742,0,1494
1712160719266,533,HTTP Request,200,OK,Task 6 Thread 6-32,text,true,,281419,128,24,29,https://api.publicapis.org/entries,242,0,0
1712160718523,1360,HTTP Request,200,OK,Task 6 Thread 6-6,text,true,,281419,128,25,30,https://api.publicapis.org/entries,241,0,0
1712160719417,606,HTTP Request,200,OK,Task 6 Thread 6-30,text,true,,281419,128,25,30,https://api.publicapis.org/entries,276,0,0
1712160719640,510,HTTP Request,200,OK,Task 6 Thread 6-25,text,true,,281419,128,24,29,https://api.publicapis.org/entries,246,0,0
1712160718200,2015,HTTP Request,200,OK,Task 6 Thread 6-36,text,true,,281419,128,25,30,https://api.publicapis.org/entries,867,0,545
1712160715963,4326,HTTP Request,200,OK,Task 6 Thread 6-13,text,true,,281419,128,25,30,https://api.publicapis.org/entries,313,0,0
1712160716799,3533,HTTP Request,200,OK,Task 6 Thread 6-29,text,true,,281419,128,25,30,https://api.publicapis.org/entries,2072,0,1803
1712160718911,1451,HTTP Request,200,OK,Task 6 Thread 6-33,text,true,,281419,128,25,30,https://api.publicapis.org/entries,245,0,0
1712160715600,5395,HTTP Request,200,OK,Task 6 Thread 6-23,text,true,,281419,128,23,28,https://api.publicapis.org/entries,901,0,603
1712160719508,1592,HTTP Request,200,OK,Task 6 Thread 6-37,text,true,,281419,128,24,29,https://api.publicapis.org/entries,291,0,0
1712160718193,3110,HTTP Request,200,OK,Task 6 Thread 6-8,text,true,,281419,128,25,30,https://api.publicapis.org/entries,276,0,0
1712160719883,1460,HTTP Request,200,OK,Task 6 Thread 6-6,text,true,,281419,128,25,30,https://api.publicapis.org/entries,256,0,0
1712160718599,2935,HTTP Request,200,OK,Task 6 Thread 6-38,text,true,,281419,128,24,29,https://api.publicapis.org/entries,877,0,556
1712160720109,1565,HTTP Request,200,OK,Task 6 Thread 6-41,text,true,,281419,128,25,30,https://api.publicapis.org/entries,260,0,0
1712160712799,9518,HTTP Request,200,OK,Task 6 Thread 6-9,text,true,,281419,128,26,31,https://api.publicapis.org/entries,1455,0,469
1712160720856,1540,HTTP Request,200,OK,Task 6 Thread 6-44,text,true,,281419,128,26,30,https://api.publicapis.org/entries,292,0,0
1712160719399,3072,HTTP Request,200,OK,Task 6 Thread 6-42,text,true,,281419,128,27,30,https://api.publicapis.org/entries,870,0,602
1712160720215,2484,HTTP Request,200,OK,Task 6 Thread 6-36,text,true,,281419,128,28,31,https://api.publicapis.org/entries,240,0,0
1712160720799,2202,HTTP Request,200,OK,Task 6 Thread 6-49,text,true,,281419,128,30,33,https://api.publicapis.org/entries,788,0,551
1712160720400,3333,HTTP Request,200,OK,Task 6 Thread 6-47,text,true,,281419,128,33,36,https://api.publicapis.org/entries,1054,0,751
1712160720995,2782,HTTP Request,200,OK,Task 6 Thread 6-45,text,true,,281419,128,33,36,https://api.publicapis.org/entries,254,0,0
1712160721534,2243,HTTP Request,200,OK,Task 6 Thread 6-38,text,true,,281419,128,33,36,https://api.publicapis.org/entries,264,0,0
1712160721401,2785,HTTP Request,200,OK,Task 6 Thread 6-52,text,true,,281419,128,35,38,https://api.publicapis.org/entries,902,0,479
1712160719734,4822,HTTP Request,200,OK,Task 6 Thread 6-10,text,true,,281419,128,37,40,https://api.publicapis.org/entries,337,0,0
1712160721600,2980,HTTP Request,200,OK,Task 6 Thread 6-53,text,true,,281419,128,37,40,https://api.publicapis.org/entries,1099,0,722
1712160722471,2114,HTTP Request,200,OK,Task 6 Thread 6-42,text,true,,281419,128,37,40,https://api.publicapis.org/entries,349,0,0
1712160721674,2912,HTTP Request,200,OK,Task 6 Thread 6-41,text,true,,281419,128,37,40,https://api.publicapis.org/entries,323,0,0
1712160720599,4201,HTTP Request,200,OK,Task 6 Thread 6-48,text,true,,281419,128,39,41,https://api.publicapis.org/entries,2497,0,2099
1712160723732,1133,HTTP Request,200,OK,Task 6 Thread 6-47,text,true,,281419,128,38,40,https://api.publicapis.org/entries,386,0,0
1712160724185,784,HTTP Request,200,OK,Task 6 Thread 6-52,text,true,,281419,128,38,40,https://api.publicapis.org/entries,263,0,0
1712160722798,2352,HTTP Request,200,OK,Task 6 Thread 6-59,text,true,,281419,128,37,39,https://api.publicapis.org/entries,1335,0,958
1712160718824,6400,HTTP Request,200,OK,Task 6 Thread 6-21,text,true,,281419,128,38,40,https://api.publicapis.org/entries,309,0,0
1712160722999,2260,HTTP Request,200,OK,Task 6 Thread 6-60,text,true,,281419,128,38,40,https://api.publicapis.org/entries,1186,0,857
1712160724799,515,HTTP Request,200,OK,Task 6 Thread 6-48,text,true,,281419,128,38,40,https://api.publicapis.org/entries,234,0,0
1712160723777,1629,HTTP Request,200,OK,Task 6 Thread 6-38,text,true,,281419,128,39,41,https://api.publicapis.org/entries,303,0,0
1712160723000,2450,HTTP Request,200,OK,Task 6 Thread 6-49,text,true,,281419,128,38,39,https://api.publicapis.org/entries,283,0,0
1712160723198,2310,HTTP Request,200,OK,Task 6 Thread 6-61,text,true,,281419,128,38,39,https://api.publicapis.org/entries,1241,0,984
1712160722395,3495,HTTP Request,200,OK,Task 6 Thread 6-44,text,true,,281419,128,37,38,https://api.publicapis.org/entries,347,0,0
1712160723777,2277,HTTP Request,200,OK,Task 6 Thread 6-45,text,true,,281419,128,38,39,https://api.publicapis.org/entries,356,0,0
1712160720450,5769,HTTP Request,200,OK,Task 6 Thread 6-39,text,true,,281419,128,39,40,https://api.publicapis.org/entries,446,0,0
1712160725450,962,HTTP Request,200,OK,Task 6 Thread 6-49,text,true,,281419,128,40,41,https://api.publicapis.org/entries,265,0,0
1712160721999,4592,HTTP Request,200,OK,Task 6 Thread 6-55,text,true,,281419,128,40,41,https://api.publicapis.org/entries,2533,0,2199
1712160725664,960,HTTP Request,200,OK,Task 6 Thread 6-60,text,true,,281419,128,41,42,https://api.publicapis.org/entries,390,0,0
1712160725094,1631,HTTP Request,200,OK,Task 6 Thread 6-53,text,true,,281419,128,40,41,https://api.publicapis.org/entries,365,0,0
1712160725890,896,HTTP Request,200,OK,Task 6 Thread 6-44,text,true,,281419,128,39,40,https://api.publicapis.org/entries,303,0,0
1712160720333,6637,HTTP Request,200,OK,Task 6 Thread 6-29,text,true,,281419,128,39,40,https://api.publicapis.org/entries,256,0,0
1712160720752,6794,HTTP Request,200,OK,Task 6 Thread 6-43,text,true,,281419,128,42,43,https://api.publicapis.org/entries,348,0,0
1712160725947,1610,HTTP Request,200,OK,Task 6 Thread 6-69,text,true,,281419,128,42,43,https://api.publicapis.org/entries,299,0,0
1712160722199,5541,HTTP Request,200,OK,Task 6 Thread 6-56,text,true,,281419,128,43,44,https://api.publicapis.org/entries,2399,0,2151
1712160726591,1170,HTTP Request,200,OK,Task 6 Thread 6-55,text,true,,281419,128,43,44,https://api.publicapis.org/entries,390,0,0
1712160725223,2765,HTTP Request,200,OK,Task 6 Thread 6-21,text,true,,281419,128,44,45,https://api.publicapis.org/entries,314,0,0
1712160725127,3064,HTTP Request,200,OK,Task 6 Thread 6-62,text,true,,281419,128,45,46,https://api.publicapis.org/entries,300,0,0
1712160724621,3601,HTTP Request,200,OK,Task 6 Thread 6-57,text,true,,281419,128,46,47,https://api.publicapis.org/entries,254,0,0
1712160726412,1956,HTTP Request,200,OK,Task 6 Thread 6-49,text,true,,281419,128,45,46,https://api.publicapis.org/entries,249,0,0
1712160724398,4070,HTTP Request,200,OK,Task 6 Thread 6-67,text,true,,281419,128,45,46,https://api.publicapis.org/entries,809,0,510
1712160727557,943,HTTP Request,200,OK,Task 6 Thread 6-69,text,true,,281419,128,45,46,https://api.publicapis.org/entries,281,0,0
1712160722316,6196,HTTP Request,200,OK,Task 6 Thread 6-9,text,true,,281419,128,44,45,https://api.publicapis.org/entries,378,0,0
1712160726054,2528,HTTP Request,200,OK,Task 6 Thread 6-45,text,true,,281419,128,44,45,https://api.publicapis.org/entries,310,0,0
1712160726198,2402,HTTP Request,200,OK,Task 6 Thread 6-76,text,true,,281419,128,44,45,https://api.publicapis.org/entries,1154,0,680
1712160722698,5983,HTTP Request,200,OK,Task 6 Thread 6-36,text,true,,281419,128,44,45,https://api.publicapis.org/entries,416,0,0
1712160727739,954,HTTP Request,200,OK,Task 6 Thread 6-56,text,true,,281419,128,44,45,https://api.publicapis.org/entries,290,0,0
1712160723798,4913,HTTP Request,200,OK,Task 6 Thread 6-64,text,true,,281419,128,44,45,https://api.publicapis.org/entries,861,0,615
1712160726624,2142,HTTP Request,200,OK,Task 6 Thread 6-60,text,true,,281419,128,44,45,https://api.publicapis.org/entries,494,0,0
1712160728600,445,HTTP Request,200,OK,Task 6 Thread 6-76,text,true,,281419,128,44,45,https://api.publicapis.org/entries,327,0,0
1712160727198,2519,HTTP Request,200,OK,Task 6 Thread 6-81,text,true,,281419,128,46,47,https://api.publicapis.org/entries,958,0,638
1712160725508,4246,HTTP Request,200,OK,Task 6 Thread 6-61,text,true,,281419,128,46,47,https://api.publicapis.org/entries,371,0,0
1712160726598,3213,HTTP Request,200,OK,Task 6 Thread 6-78,text,true,,281419,128,47,48,https://api.publicapis.org/entries,1199,0,898
1712160728693,1141,HTTP Request,200,OK,Task 6 Thread 6-56,text,true,,281419,128,47,48,https://api.publicapis.org/entries,399,0,0
1712160725601,4373,HTTP Request,200,OK,Task 6 Thread 6-73,text,true,,281419,128,47,48,https://api.publicapis.org/entries,2357,0,2045
1712160727799,2398,HTTP Request,200,OK,Task 6 Thread 6-84,text,true,,281419,128,48,49,https://api.publicapis.org/entries,1012,0,620
1712160727599,2665,HTTP Request,200,OK,Task 6 Thread 6-83,text,true,,281419,128,48,49,https://api.publicapis.org/entries,933,0,578
1712160721973,8445,HTTP Request,200,OK,Task 6 Thread 6-50,text,true,,281419,128,49,50,https://api.publicapis.org/entries,391,0,0
1712160729718,732,HTTP Request,200,OK,Task 6 Thread 6-81,text,true,,281419,128,49,50,https://api.publicapis.org/entries,284,0,0
1712160728222,2544,HTTP Request,200,OK,Task 6 Thread 6-57,text,true,,281419,128,50,51,https://api.publicapis.org/entries,388,0,0
1712160728598,2517,HTTP Request,200,OK,Task 6 Thread 6-88,text,true,,281419,128,52,53,https://api.publicapis.org/entries,1086,0,687
1712160724555,6782,HTTP Request,200,OK,Task 6 Thread 6-63,text,true,,281419,128,53,54,https://api.publicapis.org/entries,248,0,0
1712160727497,4308,HTTP Request,200,OK,Task 6 Thread 6-75,text,true,,281419,128,56,57,https://api.publicapis.org/entries,290,0,0
1712160729811,2001,HTTP Request,200,OK,Task 6 Thread 6-78,text,true,,281419,128,56,57,https://api.publicapis.org/entries,336,0,0
1712160719486,12333,HTTP Request,200,OK,Task 6 Thread 6-35,text,true,,281419,128,56,57,https://api.publicapis.org/entries,285,0,0
1712160726398,5507,HTTP Request,200,OK,Task 6 Thread 6-77,text,true,,281419,128,55,56,https://api.publicapis.org/entries,1099,0,715
1712160721799,10120,HTTP Request,200,OK,Task 6 Thread 6-54,text,true,,281419,128,55,56,https://api.publicapis.org/entries,2634,0,2370
1712160726359,5667,HTTP Request,200,OK,Task 6 Thread 6-70,text,true,,281419,128,56,57,https://api.publicapis.org/entries,275,0,0
1712160728068,4092,HTTP Request,200,OK,Task 6 Thread 6-80,text,true,,281419,128,56,57,https://api.publicapis.org/entries,273,0,0
1712160727988,4274,HTTP Request,200,OK,Task 6 Thread 6-21,text,true,,281419,128,57,58,https://api.publicapis.org/entries,269,0,0
1712160730666,1966,HTTP Request,200,OK,Task 6 Thread 6-83,text,true,,281419,128,58,59,https://api.publicapis.org/entries,413,0,0
1712160729198,3706,HTTP Request,200,OK,Task 6 Thread 6-91,text,true,,281419,128,59,60,https://api.publicapis.org/entries,1077,0,706
1712160731805,1304,HTTP Request,200,OK,Task 6 Thread 6-75,text,true,,281419,128,59,60,https://api.publicapis.org/entries,484,0,0
1712160730766,2480,HTTP Request,200,OK,Task 6 Thread 6-57,text,true,,281419,128,59,60,https://api.publicapis.org/entries,497,0,0
1712160730069,3222,HTTP Request,200,OK,Task 6 Thread 6-61,text,true,,281419,128,58,59,https://api.publicapis.org/entries,381,0,0
1712160730450,2850,HTTP Request,200,OK,Task 6 Thread 6-81,text,true,,281419,128,57,58,https://api.publicapis.org/entries,877,0,0
1712160725314,8005,HTTP Request,200,OK,Task 6 Thread 6-48,text,true,,281419,128,57,58,https://api.publicapis.org/entries,316,0,0
1712160731805,1713,HTTP Request,200,OK,Task 6 Thread 6-63,text,true,,281419,128,58,59,https://api.publicapis.org/entries,532,0,0
1712160731812,2014,HTTP Request,200,OK,Task 6 Thread 6-94,text,true,,281419,128,58,59,https://api.publicapis.org/entries,506,0,0
1712160729998,3910,HTTP Request,200,OK,Task 6 Thread 6-95,text,true,,281419,128,57,58,https://api.publicapis.org/entries,1300,0,779
1712160731399,2569,HTTP Request,200,OK,Task 6 Thread 6-102,text,true,,281419,128,57,58,https://api.publicapis.org/entries,1233,0,854
1712160730417,3563,HTTP Request,200,OK,Task 6 Thread 6-50,text,true,,281419,128,57,58,https://api.publicapis.org/entries,407,0,0
1712160712400,22024,HTTP Request,200,OK,Task 6 Thread 6-7,text,true,,281419,128,59,60,https://api.publicapis.org/entries,738,0,510
1712160732632,1828,HTTP Request,200,OK,Task 6 Thread 6-83,text,true,,281419,128,59,60,https://api.publicapis.org/entries,313,0,0
1712160730131,4369,HTTP Request,200,OK,Task 6 Thread 6-64,text,true,,281419,128,58,59,https://api.publicapis.org/entries,383,0,0
1712160728468,6289,HTTP Request,200,OK,Task 6 Thread 6-67,text,true,,281419,128,58,59,https://api.publicapis.org/entries,361,0,0
1712160726387,8802,HTTP Request,200,OK,Task 6 Thread 6-66,text,true,,281419,128,60,61,https://api.publicapis.org/entries,594,0,0
1712160733908,1382,HTTP Request,200,OK,Task 6 Thread 6-95,text,true,,281419,128,61,62,https://api.publicapis.org/entries,372,0,0
1712160733725,1636,HTTP Request,200,OK,Task 6 Thread 6-91,text,true,,281419,128,61,62,https://api.publicapis.org/entries,307,0,0
1712160727545,7931,HTTP Request,200,OK,Task 6 Thread 6-43,text,true,,281419,128,61,62,https://api.publicapis.org/entries,576,0,0
1712160731115,4369,HTTP Request,200,OK,Task 6 Thread 6-88,text,true,,281419,128,60,61,https://api.publicapis.org/entries,382,0,0
1712160728999,6596,HTTP Request,200,OK,Task 6 Thread 6-90,text,true,,281419,128,59,60,https://api.publicapis.org/entries,1063,0,732
1712160728199,7481,HTTP Request,200,OK,Task 6 Thread 6-86,text,true,,281419,128,60,61,https://api.publicapis.org/entries,1083,0,684
1712160733033,2682,HTTP Request,200,OK,Task 6 Thread 6-104,text,true,,281419,128,60,61,https://api.publicapis.org/entries,423,0,0
1712160732099,3812,HTTP Request,200,OK,Task 6 Thread 6-84,text,true,,281419,128,61,62,https://api.publicapis.org/entries,805,0,0
1712160731028,5120,HTTP Request,200,OK,Task 6 Thread 6-73,text,true,,281419,128,61,62,https://api.publicapis.org/entries,839,0,0
1712160728512,8194,HTTP Request,200,OK,Task 6 Thread 6-9,text,true,,281419,128,64,65,https://api.publicapis.org/entries,352,0,0
1712160735290,1595,HTTP Request,200,OK,Task 6 Thread 6-95,text,true,,281419,128,65,66,https://api.publicapis.org/entries,256,0,0
1712160729599,7386,HTTP Request,200,OK,Task 6 Thread 6-93,text,true,,281419,128,65,66,https://api.publicapis.org/entries,998,0,649
1712160734917,2138,HTTP Request,200,OK,Task 6 Thread 6-113,text,true,,281419,128,66,67,https://api.publicapis.org/entries,262,0,0
1712160735614,1733,HTTP Request,200,OK,Task 6 Thread 6-119,text,true,,281419,128,66,67,https://api.publicapis.org/entries,351,0,0
1712160735911,1533,HTTP Request,200,OK,Task 6 Thread 6-90,text,true,,281419,128,67,68,https://api.publicapis.org/entries,344,0,0
1712160735715,1740,HTTP Request,200,OK,Task 6 Thread 6-104,text,true,,281419,128,67,68,https://api.publicapis.org/entries,375,0,0
1712160734757,2822,HTTP Request,200,OK,Task 6 Thread 6-67,text,true,,281419,128,66,67,https://api.publicapis.org/entries,296,0,0
1712160734368,3265,HTTP Request,200,OK,Task 6 Thread 6-102,text,true,,281419,128,67,68,https://api.publicapis.org/entries,420,0,0
1712160733826,3999,HTTP Request,200,OK,Task 6 Thread 6-106,text,true,,281419,128,67,68,https://api.publicapis.org/entries,424,0,0
1712160734598,3233,HTTP Request,200,OK,Task 6 Thread 6-118,text,true,,281419,128,67,68,https://api.publicapis.org/entries,2108,0,1781
1712160733999,3907,HTTP Request,200,OK,Task 6 Thread 6-115,text,true,,281419,128,67,68,https://api.publicapis.org/entries,1043,0,755
1712160737347,577,HTTP Request,200,OK,Task 6 Thread 6-119,text,true,,281419,128,66,67,https://api.publicapis.org/entries,232,0,0
1712160726218,11713,HTTP Request,200,OK,Task 6 Thread 6-39,text,true,,281419,128,66,67,https://api.publicapis.org/entries,312,0,0
1712160728798,9334,HTTP Request,200,OK,Task 6 Thread 6-89,text,true,,281419,128,67,68,https://api.publicapis.org/entries,1064,0,745
1712160735485,2832,HTTP Request,200,OK,Task 6 Thread 6-88,text,true,,281419,128,66,67,https://api.publicapis.org/entries,288,0,0
1712160734398,4037,HTTP Request,200,OK,Task 6 Thread 6-117,text,true,,281419,128,66,67,https://api.publicapis.org/entries,2414,0,2140
1712160737633,1078,HTTP Request,200,OK,Task 6 Thread 6-102,text,true,,281419,128,66,67,https://api.publicapis.org/entries,316,0,0
1712160738206,664,HTTP Request,200,OK,Task 6 Thread 6-118,text,true,,281419,128,66,67,https://api.publicapis.org/entries,239,0,0
1712160736706,2190,HTTP Request,200,OK,Task 6 Thread 6-9,text,true,,281419,128,65,66,https://api.publicapis.org/entries,230,0,0
1712160737444,1601,HTTP Request,200,OK,Task 6 Thread 6-90,text,true,,281419,128,65,66,https://api.publicapis.org/entries,289,0,0
1712160730891,8367,HTTP Request,200,OK,Task 6 Thread 6-87,text,true,,281419,128,64,65,https://api.publicapis.org/entries,601,0,0
1712160733319,6024,HTTP Request,200,OK,Task 6 Thread 6-48,text,true,,281419,128,64,65,https://api.publicapis.org/entries,406,0,0
1712160738851,735,HTTP Request,200,OK,Task 6 Thread 6-117,text,true,,281419,128,64,65,https://api.publicapis.org/entries,307,0,0
1712160738132,1732,HTTP Request,200,OK,Task 6 Thread 6-89,text,true,,281419,128,66,67,https://api.publicapis.org/entries,275,0,0
1712160737281,2617,HTTP Request,200,OK,Task 6 Thread 6-93,text,true,,281419,128,66,67,https://api.publicapis.org/entries,251,0,0
1712160737733,2298,HTTP Request,200,OK,Task 6 Thread 6-126,text,true,,281419,128,67,68,https://api.publicapis.org/entries,316,0,0
1712160737798,2349,HTTP Request,200,OK,Task 6 Thread 6-134,text,true,,281419,128,66,67,https://api.publicapis.org/entries,1035,0,622
1712160739586,742,HTTP Request,200,OK,Task 6 Thread 6-117,text,true,,281419,128,67,68,https://api.publicapis.org/entries,351,0,0
1712160731905,8441,HTTP Request,200,OK,Task 6 Thread 6-77,text,true,,281419,128,66,67,https://api.publicapis.org/entries,493,0,0
1712160731998,8423,HTTP Request,200,OK,Task 6 Thread 6-105,text,true,,281419,128,67,68,https://api.publicapis.org/entries,1293,0,848
1712160737810,2732,HTTP Request,200,OK,Task 6 Thread 6-127,text,true,,281419,128,67,68,https://api.publicapis.org/entries,390,0,0
1712160726969,13604,HTTP Request,200,OK,Task 6 Thread 6-29,text,true,,281419,128,67,68,https://api.publicapis.org/entries,426,0,0
1712160738317,2305,HTTP Request,200,OK,Task 6 Thread 6-88,text,true,,281419,128,68,69,https://api.publicapis.org/entries,403,0,0
1712160736599,4067,HTTP Request,200,OK,Task 6 Thread 6-128,text,true,,281419,128,67,68,https://api.publicapis.org/entries,862,0,514
1712160736017,4656,HTTP Request,200,OK,Task 6 Thread 6-86,text,true,,281419,128,67,68,https://api.publicapis.org/entries,540,0,0
1712160730521,10169,HTTP Request,200,OK,Task 6 Thread 6-85,text,true,,281419,128,67,68,https://api.publicapis.org/entries,365,0,0
1712160740147,616,HTTP Request,200,OK,Task 6 Thread 6-134,text,true,,281419,128,66,67,https://api.publicapis.org/entries,292,0,0
1712160739864,925,HTTP Request,200,OK,Task 6 Thread 6-89,text,true,,281419,128,66,67,https://api.publicapis.org/entries,283,0,0
1712160739274,1606,HTTP Request,200,OK,Task 6 Thread 6-136,text,true,,281419,128,66,67,https://api.publicapis.org/entries,360,0,0
1712160738642,2245,HTTP Request,200,OK,Task 6 Thread 6-115,text,true,,281419,128,66,67,https://api.publicapis.org/entries,305,0,0
1712160738799,2216,HTTP Request,200,OK,Task 6 Thread 6-139,text,true,,281419,128,65,66,https://api.publicapis.org/entries,1026,0,611
1712160738399,2769,HTTP Request,200,OK,Task 6 Thread 6-137,text,true,,281419,128,65,66,https://api.publicapis.org/entries,1152,0,692
1712160731304,10009,HTTP Request,200,OK,Task 6 Thread 6-92,text,true,,281419,128,64,65,https://api.publicapis.org/entries,446,0,0
1712160732559,8852,HTTP Request,200,OK,Task 6 Thread 6-74,text,true,,281419,128,64,65,https://api.publicapis.org/entries,760,0,0
1712160740763,822,HTTP Request,200,OK,Task 6 Thread 6-134,text,true,,281419,128,62,63,https://api.publicapis.org/entries,405,0,0
1712160739198,2491,HTTP Request,200,OK,Task 6 Thread 6-141,text,true,,281419,128,62,63,https://api.publicapis.org/entries,1073,0,729
1712160732027,9683,HTTP Request,200,OK,Task 6 Thread 6-70,text,true,,281419,128,62,63,https://api.publicapis.org/entries,3290,0,0
1712160735802,6306,HTTP Request,200,OK,Task 6 Thread 6-120,text,true,,281419,128,61,62,https://api.publicapis.org/entries,387,0,0
1712160735064,7360,HTTP Request,200,OK,Task 6 Thread 6-110,text,true,,281419,128,61,62,https://api.publicapis.org/entries,266,0,0
1712160740198,2283,HTTP Request,200,OK,Task 6 Thread 6-146,text,true,,281419,128,61,62,https://api.publicapis.org/entries,970,0,607
1712160739398,3099,HTTP Request,200,OK,Task 6 Thread 6-142,text,true,,281419,128,61,62,https://api.publicapis.org/entries,1016,0,677
1712160727398,15099,HTTP Request,200,OK,Task 6 Thread 6-82,text,true,,281419,128,61,62,https://api.publicapis.org/entries,5921,0,5517
1712160739798,2817,HTTP Request,200,OK,Task 6 Thread 6-144,text,true,,281419,128,61,62,https://api.publicapis.org/entries,1028,0,720
1712160739898,2894,HTTP Request,200,OK,Task 6 Thread 6-93,text,true,,281419,128,61,62,https://api.publicapis.org/entries,348,0,0
1712160735192,7769,HTTP Request,200,OK,Task 6 Thread 6-66,text,true,,281419,128,60,61,https://api.publicapis.org/entries,277,0,0
1712160733100,9868,HTTP Request,200,OK,Task 6 Thread 6-98,text,true,,281419,128,59,60,https://api.publicapis.org/entries,410,0,0
1712160742481,497,HTTP Request,200,OK,Task 6 Thread 6-146,text,true,,281419,128,59,60,https://api.publicapis.org/entries,237,0,0
1712160741313,1946,HTTP Request,200,OK,Task 6 Thread 6-136,text,true,,281419,128,59,60,https://api.publicapis.org/entries,397,0,0
1712160742979,384,HTTP Request,200,OK,Task 6 Thread 6-146,text,true,,281419,128,58,59,https://api.publicapis.org/entries,289,0,0
1712160737998,5365,HTTP Request,200,OK,Task 6 Thread 6-135,text,true,,281419,128,58,59,https://api.publicapis.org/entries,1005,0,746
1712160717200,26186,HTTP Request,200,OK,Task 6 Thread 6-31,text,true,,281419,128,58,59,https://api.publicapis.org/entries,2108,0,1841
1712160742497,902,HTTP Request,200,OK,Task 6 Thread 6-142,text,true,,281419,128,58,59,https://api.publicapis.org/entries,325,0,0
1712160739598,3914,HTTP Request,200,OK,Task 6 Thread 6-143,text,true,,281419,128,58,59,https://api.publicapis.org/entries,981,0,677
1712160743363,380,HTTP Request,200,OK,Task 6 Thread 6-146,text,true,,281419,128,58,59,https://api.publicapis.org/entries,294,0,0
1712160742615,1180,HTTP Request,200,OK,Task 6 Thread 6-144,text,true,,281419,128,57,58,https://api.publicapis.org/entries,255,0,0
1712160725778,18017,HTTP Request,200,OK,Task 6 Thread 6-68,text,true,,281419,128,57,58,https://api.publicapis.org/entries,2289,0,0
1712160736998,6805,HTTP Request,200,OK,Task 6 Thread 6-130,text,true,,281419,128,57,58,https://api.publicapis.org/entries,864,0,555
1712160734508,9386,HTTP Request,200,OK,Task 6 Thread 6-109,text,true,,281419,128,57,58,https://api.publicapis.org/entries,1914,0,0
1712160743756,768,HTTP Request,200,OK,Task 6 Thread 6-142,text,true,,281419,128,56,57,https://api.publicapis.org/entries,317,0,0
1712160742108,2452,HTTP Request,200,OK,Task 6 Thread 6-120,text,true,,281419,128,55,56,https://api.publicapis.org/entries,322,0,0
1712160736534,8096,HTTP Request,200,OK,Task 6 Thread 6-116,text,true,,281419,128,55,56,https://api.publicapis.org/entries,258,0,0
1712160743795,917,HTTP Request,200,OK,Task 6 Thread 6-144,text,true,,281419,128,55,56,https://api.publicapis.org/entries,390,0,0
1712160730399,14599,HTTP Request,200,OK,Task 6 Thread 6-97,text,true,,281419,128,54,55,https://api.publicapis.org/entries,2394,0,2020
1712160741168,3904,HTTP Request,200,OK,Task 6 Thread 6-137,text,true,,281419,128,54,55,https://api.publicapis.org/entries,328,0,0
1712160737014,8086,HTTP Request,200,OK,Task 6 Thread 6-122,text,true,,281419,128,54,55,https://api.publicapis.org/entries,447,0,0
1712160743512,1677,HTTP Request,200,OK,Task 6 Thread 6-143,text,true,,281419,128,54,55,https://api.publicapis.org/entries,317,0,0
1712160741586,3625,HTTP Request,200,OK,Task 6 Thread 6-134,text,true,,281419,128,54,55,https://api.publicapis.org/entries,436,0,0
1712160722599,22650,HTTP Request,200,OK,Task 6 Thread 6-58,text,true,,281419,128,53,54,https://api.publicapis.org/entries,1980,0,687
1712160739258,6170,HTTP Request,200,OK,Task 6 Thread 6-87,text,true,,281419,128,53,54,https://api.publicapis.org/entries,360,0,0
1712160725198,20409,HTTP Request,200,OK,Task 6 Thread 6-71,text,true,,281419,128,53,54,https://api.publicapis.org/entries,1991,0,1536
1712160744712,901,HTTP Request,200,OK,Task 6 Thread 6-144,text,true,,281419,128,53,54,https://api.publicapis.org/entries,296,0,0
1712160740998,4737,HTTP Request,200,OK,Task 6 Thread 6-150,text,true,,281419,128,52,53,https://api.publicapis.org/entries,1847,0,1510
1712160734423,11351,HTTP Request,200,OK,Task 6 Thread 6-7,text,true,,281419,128,52,53,https://api.publicapis.org/entries,487,0,0
1712160731812,14026,HTTP Request,200,OK,Task 6 Thread 6-78,text,true,,281419,128,52,53,https://api.publicapis.org/entries,546,0,0
1712160725399,20494,HTTP Request,200,OK,Task 6 Thread 6-72,text,true,,281419,128,52,53,https://api.publicapis.org/entries,3961,0,1714
1712160741016,5032,HTTP Request,200,OK,Task 6 Thread 6-139,text,true,,281419,128,52,53,https://api.publicapis.org/entries,442,0,0
1712160744560,1624,HTTP Request,200,OK,Task 6 Thread 6-120,text,true,,281419,128,52,53,https://api.publicapis.org/entries,245,0,0
1712160734281,11963,HTTP Request,200,OK,Task 6 Thread 6-111,text,true,,281419,128,51,52,https://api.publicapis.org/entries,313,0,0
1712160738196,8239,HTTP Request,200,OK,Task 6 Thread 6-131,text,true,,281419,128,51,52,https://api.publicapis.org/entries,352,0,0
1712160722828,23642,HTTP Request,200,OK,Task 6 Thread 6-46,text,true,,281419,128,51,52,https://api.publicapis.org/entries,2018,0,0
1712160745072,1474,HTTP Request,200,OK,Task 6 Thread 6-137,text,true,,281419,128,51,52,https://api.publicapis.org/entries,260,0,0
1712160729045,17516,HTTP Request,200,OK,Task 6 Thread 6-76,text,true,,281419,128,51,52,https://api.publicapis.org/entries,376,0,0
1712160731599,14983,HTTP Request,200,OK,Task 6 Thread 6-103,text,true,,281419,128,51,52,https://api.publicapis.org/entries,2140,0,742
1712160746048,629,HTTP Request,200,OK,Task 6 Thread 6-139,text,true,,281419,128,51,52,https://api.publicapis.org/entries,248,0,0
1712160745189,1498,HTTP Request,200,OK,Task 6 Thread 6-143,text,true,,281419,128,51,52,https://api.publicapis.org/entries,306,0,0
1712160730999,15713,HTTP Request,200,OK,Task 6 Thread 6-100,text,true,,281419,128,51,52,https://api.publicapis.org/entries,2543,0,2224
1712160735523,11287,HTTP Request,200,OK,Task 6 Thread 6-114,text,true,,281419,128,51,52,https://api.publicapis.org/entries,279,0,0
1712160734917,11963,HTTP Request,200,OK,Task 6 Thread 6-96,text,true,,281419,128,51,52,https://api.publicapis.org/entries,499,0,0
1712160745735,1168,HTTP Request,200,OK,Task 6 Thread 6-150,text,true,,281419,128,50,51,https://api.publicapis.org/entries,274,0,0
1712160740666,6373,HTTP Request,200,OK,Task 6 Thread 6-128,text,true,,281419,128,50,51,https://api.publicapis.org/entries,312,0,0
1712160743803,3285,HTTP Request,200,OK,Task 6 Thread 6-130,text,true,,281419,128,50,51,https://api.publicapis.org/entries,526,0,0
1712160746677,576,HTTP Request,200,OK,Task 6 Thread 6-139,text,true,,281419,128,50,51,https://api.publicapis.org/entries,257,0,0
1712160735598,11788,HTTP Request,200,OK,Task 6 Thread 6-123,text,true,,281419,128,49,50,https://api.publicapis.org/entries,1924,0,689
1712160731918,15669,HTTP Request,200,OK,Task 6 Thread 6-54,text,true,,281419,128,49,50,https://api.publicapis.org/entries,1743,0,0
1712160741313,6369,HTTP Request,200,OK,Task 6 Thread 6-92,text,true,,281419,128,49,50,https://api.publicapis.org/entries,1162,0,0
1712160742497,5371,HTTP Request,200,OK,Task 6 Thread 6-82,text,true,,281419,128,49,50,https://api.publicapis.org/entries,325,0,0
1712160746435,1737,HTTP Request,200,OK,Task 6 Thread 6-131,text,true,,281419,128,49,50,https://api.publicapis.org/entries,264,0,0
1712160746546,1780,HTTP Request,200,OK,Task 6 Thread 6-137,text,true,,281419,128,49,50,https://api.publicapis.org/entries,297,0,0
1712160746903,1490,HTTP Request,200,OK,Task 6 Thread 6-150,text,true,,281419,128,48,49,https://api.publicapis.org/entries,286,0,0
1712160746687,1762,HTTP Request,200,OK,Task 6 Thread 6-143,text,true,,281419,128,48,49,https://api.publicapis.org/entries,293,0,0
1712160740346,8168,HTTP Request,200,OK,Task 6 Thread 6-77,text,true,,281419,128,47,48,https://api.publicapis.org/entries,281,0,0
1712160736946,11809,HTTP Request,200,OK,Task 6 Thread 6-121,text,true,,281419,128,47,48,https://api.publicapis.org/entries,300,0,0
1712160737399,11505,HTTP Request,200,OK,Task 6 Thread 6-132,text,true,,281419,128,47,48,https://api.publicapis.org/entries,1740,0,540
1712160740798,8112,HTTP Request,200,OK,Task 6 Thread 6-149,text,true,,281419,128,47,48,https://api.publicapis.org/entries,2750,0,2420
1712160742857,6254,HTTP Request,200,OK,Task 6 Thread 6-147,text,true,,281419,128,47,48,https://api.publicapis.org/entries,260,0,0
1712160748393,1271,HTTP Request,200,OK,Task 6 Thread 6-150,text,true,,281419,128,47,48,https://api.publicapis.org/entries,326,0,0
1712160744630,5039,HTTP Request,200,OK,Task 6 Thread 6-116,text,true,,281419,128,46,47,https://api.publicapis.org/entries,347,0,0
1712160745774,4025,HTTP Request,200,OK,Task 6 Thread 6-7,text,true,,281419,128,46,47,https://api.publicapis.org/entries,274,0,0
1712160744998,4934,HTTP Request,200,OK,Task 6 Thread 6-97,text,true,,281419,128,46,47,https://api.publicapis.org/entries,251,0,0
1712160739848,10146,HTTP Request,200,OK,Task 6 Thread 6-129,text,true,,281419,128,46,47,https://api.publicapis.org/entries,579,0,0
1712160748172,1869,HTTP Request,200,OK,Task 6 Thread 6-131,text,true,,281419,128,46,47,https://api.publicapis.org/entries,277,0,0
1712160737599,13120,HTTP Request,200,OK,Task 6 Thread 6-133,text,true,,281419,128,45,46,https://api.publicapis.org/entries,2402,0,2070
1712160747088,3871,HTTP Request,200,OK,Task 6 Thread 6-130,text,true,,281419,128,45,46,https://api.publicapis.org/entries,334,0,0
1712160721199,29967,HTTP Request,200,OK,Task 6 Thread 6-51,text,true,,281419,128,45,46,https://api.publicapis.org/entries,1170,0,619
1712160730798,20464,HTTP Request,200,OK,Task 6 Thread 6-99,text,true,,281419,128,45,46,https://api.publicapis.org/entries,4797,0,4505
1712160731327,20017,HTTP Request,200,OK,Task 6 Thread 6-79,text,true,,281419,128,45,46,https://api.publicapis.org/entries,492,0,0
1712160740983,10432,HTTP Request,200,OK,Task 6 Thread 6-145,text,true,,281419,128,45,46,https://api.publicapis.org/entries,1680,0,0
1712160742968,8461,HTTP Request,200,OK,Task 6 Thread 6-98,text,true,,281419,128,45,46,https://api.publicapis.org/entries,296,0,0
1712160746244,5221,HTTP Request,200,OK,Task 6 Thread 6-111,text,true,,281419,128,45,46,https://api.publicapis.org/entries,358,0,0
1712160749799,2056,HTTP Request,200,OK,Task 6 Thread 6-7,text,true,,281419,128,45,46,https://api.publicapis.org/entries,242,0,0
1712160749669,2364,HTTP Request,200,OK,Task 6 Thread 6-116,text,true,,281419,128,44,45,https://api.publicapis.org/entries,340,0,0
1712160743363,8701,HTTP Request,200,OK,Task 6 Thread 6-135,text,true,,281419,128,43,44,https://api.publicapis.org/entries,269,0,0
1712160749932,2138,HTTP Request,200,OK,Task 6 Thread 6-97,text,true,,281419,128,43,44,https://api.publicapis.org/entries,719,0,0
1712160733398,18918,HTTP Request,200,OK,Task 6 Thread 6-112,text,true,,281419,128,43,44,https://api.publicapis.org/entries,4984,0,742
1712160745428,7057,HTTP Request,200,OK,Task 6 Thread 6-87,text,true,,281419,128,43,44,https://api.publicapis.org/entries,326,0,0
1712160748905,3762,HTTP Request,200,OK,Task 6 Thread 6-132,text,true,,281419,128,42,43,https://api.publicapis.org/entries,589,0,0
1712160741922,10877,HTTP Request,200,OK,Task 6 Thread 6-138,text,true,,281419,128,42,43,https://api.publicapis.org/entries,278,0,0
1712160742424,10703,HTTP Request,200,OK,Task 6 Thread 6-110,text,true,,281419,128,42,43,https://api.publicapis.org/entries,244,0,0
1712160746582,6552,HTTP Request,200,OK,Task 6 Thread 6-103,text,true,,281419,128,42,43,https://api.publicapis.org/entries,303,0,0
1712160752070,1105,HTTP Request,200,OK,Task 6 Thread 6-97,text,true,,281419,128,42,43,https://api.publicapis.org/entries,307,0,0
1712160738657,14800,HTTP Request,200,OK,Task 6 Thread 6-124,text,true,,281419,128,41,42,https://api.publicapis.org/entries,299,0,0
1712160736148,17317,HTTP Request,200,OK,Task 6 Thread 6-73,text,true,,281419,128,41,42,https://api.publicapis.org/entries,1581,0,0
1712160740422,13074,HTTP Request,200,OK,Task 6 Thread 6-105,text,true,,281419,128,40,41,https://api.publicapis.org/entries,312,0,0
1712160743385,10157,HTTP Request,200,OK,Task 6 Thread 6-31,text,true,,281419,128,40,41,https://api.publicapis.org/entries,665,0,0
1712160751465,2152,HTTP Request,200,OK,Task 6 Thread 6-111,text,true,,281419,128,40,41,https://api.publicapis.org/entries,266,0,0
1712160750959,2782,HTTP Request,200,OK,Task 6 Thread 6-130,text,true,,281419,128,39,40,https://api.publicapis.org/entries,230,0,0
1712160745101,8696,HTTP Request,200,OK,Task 6 Thread 6-122,text,true,,281419,128,38,39,https://api.publicapis.org/entries,261,0,0
1712160751415,2453,HTTP Request,200,OK,Task 6 Thread 6-145,text,true,,281419,128,38,39,https://api.publicapis.org/entries,236,0,0
1712160747039,6890,HTTP Request,200,OK,Task 6 Thread 6-128,text,true,,281419,128,38,39,https://api.publicapis.org/entries,367,0,0
1712160745839,8097,HTTP Request,200,OK,Task 6 Thread 6-78,text,true,,281419,128,38,39,https://api.publicapis.org/entries,271,0,0
1712160748514,5761,HTTP Request,200,OK,Task 6 Thread 6-77,text,true,,281419,128,37,38,https://api.publicapis.org/entries,403,0,0
1712160745893,8435,HTTP Request,200,OK,Task 6 Thread 6-72,text,true,,281419,128,36,37,https://api.publicapis.org/entries,258,0,0
1712160752668,1685,HTTP Request,200,OK,Task 6 Thread 6-132,text,true,,281419,128,36,37,https://api.publicapis.org/entries,315,0,0
1712160742096,12366,HTTP Request,200,OK,Task 6 Thread 6-140,text,true,,281419,128,36,37,https://api.publicapis.org/entries,342,0,0
1712160748911,5622,HTTP Request,200,OK,Task 6 Thread 6-149,text,true,,281419,128,36,37,https://api.publicapis.org/entries,2048,0,0
1712160750719,3839,HTTP Request,200,OK,Task 6 Thread 6-133,text,true,,281419,128,36,37,https://api.publicapis.org/entries,428,0,0
1712160746811,7804,HTTP Request,200,OK,Task 6 Thread 6-114,text,true,,281419,128,36,37,https://api.publicapis.org/entries,302,0,0
1712160746471,8144,HTTP Request,200,OK,Task 6 Thread 6-46,text,true,,281419,128,36,37,https://api.publicapis.org/entries,277,0,0
1712160748755,6048,HTTP Request,200,OK,Task 6 Thread 6-121,text,true,,281419,128,36,37,https://api.publicapis.org/entries,616,0,0
1712160749994,4814,HTTP Request,200,OK,Task 6 Thread 6-129,text,true,,281419,128,36,37,https://api.publicapis.org/entries,673,0,0
1712160747868,7155,HTTP Request,200,OK,Task 6 Thread 6-82,text,true,,281419,128,35,36,https://api.publicapis.org/entries,478,0,0
1712160747682,7347,HTTP Request,200,OK,Task 6 Thread 6-92,text,true,,281419,128,35,36,https://api.publicapis.org/entries,1954,0,0
1712160745249,9849,HTTP Request,200,OK,Task 6 Thread 6-58,text,true,,281419,128,34,35,https://api.publicapis.org/entries,364,0,0
1712160751344,3852,HTTP Request,200,OK,Task 6 Thread 6-79,text,true,,281419,128,34,35,https://api.publicapis.org/entries,256,0,0
1712160749111,6162,HTTP Request,200,OK,Task 6 Thread 6-147,text,true,,281419,128,34,35,https://api.publicapis.org/entries,486,0,0
1712160751429,3855,HTTP Request,200,OK,Task 6 Thread 6-98,text,true,,281419,128,34,35,https://api.publicapis.org/entries,273,0,0
1712160753869,1611,HTTP Request,200,OK,Task 6 Thread 6-145,text,true,,281419,128,33,34,https://api.publicapis.org/entries,342,0,0
1712160733425,22282,HTTP Request,200,OK,Task 6 Thread 6-101,text,true,,281419,128,32,33,https://api.publicapis.org/entries,326,0,0
1712160754353,1413,HTTP Request,200,OK,Task 6 Thread 6-132,text,true,,281419,128,32,33,https://api.publicapis.org/entries,246,0,0
1712160752317,3660,HTTP Request,200,OK,Task 6 Thread 6-112,text,true,,281419,128,31,32,https://api.publicapis.org/entries,381,0,0
1712160753543,2563,HTTP Request,200,OK,Task 6 Thread 6-31,text,true,,281419,128,31,32,https://api.publicapis.org/entries,313,0,0
1712160754616,1504,HTTP Request,200,OK,Task 6 Thread 6-114,text,true,,281419,128,31,32,https://api.publicapis.org/entries,260,0,0
1712160747387,8732,HTTP Request,200,OK,Task 6 Thread 6-123,text,true,,281419,128,31,32,https://api.publicapis.org/entries,345,0,0
1712160751165,5150,HTTP Request,200,OK,Task 6 Thread 6-51,text,true,,281419,128,30,31,https://api.publicapis.org/entries,257,0,0
1712160745607,10754,HTTP Request,200,OK,Task 6 Thread 6-71,text,true,,281419,128,30,31,https://api.publicapis.org/entries,279,0,0
1712160752800,3672,HTTP Request,200,OK,Task 6 Thread 6-138,text,true,,281419,128,30,31,https://api.publicapis.org/entries,403,0,0
1712160755199,1647,HTTP Request,200,OK,Task 6 Thread 6-79,text,true,,281419,128,30,31,https://api.publicapis.org/entries,240,0,0
1712160754534,2350,HTTP Request,200,OK,Task 6 Thread 6-149,text,true,,281419,128,29,30,https://api.publicapis.org/entries,264,0,0
1712160747588,9295,HTTP Request,200,OK,Task 6 Thread 6-54,text,true,,281419,128,29,30,https://api.publicapis.org/entries,483,0,0
1712160754559,2521,HTTP Request,200,OK,Task 6 Thread 6-133,text,true,,281419,128,29,30,https://api.publicapis.org/entries,263,0,0
1712160753497,3803,HTTP Request,200,OK,Task 6 Thread 6-105,text,true,,281419,128,29,30,https://api.publicapis.org/entries,301,0,0
1712160753128,4176,HTTP Request,200,OK,Task 6 Thread 6-110,text,true,,281419,128,29,30,https://api.publicapis.org/entries,330,0,0
1712160755708,1733,HTTP Request,200,OK,Task 6 Thread 6-101,text,true,,281419,128,28,29,https://api.publicapis.org/entries,259,0,0
1712160754329,3157,HTTP Request,200,OK,Task 6 Thread 6-72,text,true,,281419,128,28,29,https://api.publicapis.org/entries,265,0,0
1712160751262,6277,HTTP Request,200,OK,Task 6 Thread 6-99,text,true,,281419,128,28,29,https://api.publicapis.org/entries,251,0,0
1712160752064,5571,HTTP Request,200,OK,Task 6 Thread 6-135,text,true,,281419,128,28,29,https://api.publicapis.org/entries,306,0,0
1712160756472,1439,HTTP Request,200,OK,Task 6 Thread 6-138,text,true,,281419,128,28,29,https://api.publicapis.org/entries,334,0,0
1712160754463,3469,HTTP Request,200,OK,Task 6 Thread 6-140,text,true,,281419,128,27,28,https://api.publicapis.org/entries,239,0,0
1712160755977,2039,HTTP Request,200,OK,Task 6 Thread 6-112,text,true,,281419,128,27,28,https://api.publicapis.org/entries,305,0,0
1712160755024,3123,HTTP Request,200,OK,Task 6 Thread 6-82,text,true,,281419,128,27,28,https://api.publicapis.org/entries,239,0,0
1712160755274,2879,HTTP Request,200,OK,Task 6 Thread 6-147,text,true,,281419,128,26,27,https://api.publicapis.org/entries,240,0,0
1712160757441,841,HTTP Request,200,OK,Task 6 Thread 6-101,text,true,,281419,128,25,26,https://api.publicapis.org/entries,252,0,0
1712160753458,4850,HTTP Request,200,OK,Task 6 Thread 6-124,text,true,,281419,128,24,25,https://api.publicapis.org/entries,248,0,0
1712160754616,3703,HTTP Request,200,OK,Task 6 Thread 6-46,text,true,,281419,128,23,24,https://api.publicapis.org/entries,257,0,0
1712160756316,2009,HTTP Request,200,OK,Task 6 Thread 6-51,text,true,,281419,128,22,23,https://api.publicapis.org/entries,458,0,0
1712160740598,17750,HTTP Request,200,OK,Task 6 Thread 6-148,text,true,,281419,128,22,23,https://api.publicapis.org/entries,3296,0,3021
1712160754804,3550,HTTP Request,200,OK,Task 6 Thread 6-121,text,true,,281419,128,22,23,https://api.publicapis.org/entries,264,0,0
1712160756106,2504,HTTP Request,200,OK,Task 6 Thread 6-31,text,true,,281419,128,21,22,https://api.publicapis.org/entries,288,0,0
1712160746561,12193,HTTP Request,200,OK,Task 6 Thread 6-76,text,true,,281419,128,20,21,https://api.publicapis.org/entries,653,0,0
1712160753930,4937,HTTP Request,200,OK,Task 6 Thread 6-128,text,true,,281419,128,19,20,https://api.publicapis.org/entries,330,0,0
1712160757300,1826,HTTP Request,200,OK,Task 6 Thread 6-105,text,true,,281419,128,18,19,https://api.publicapis.org/entries,265,0,0
1712160756884,2360,HTTP Request,200,OK,Task 6 Thread 6-54,text,true,,281419,128,17,18,https://api.publicapis.org/entries,289,0,0
1712160753135,6204,HTTP Request,200,OK,Task 6 Thread 6-103,text,true,,281419,128,16,17,https://api.publicapis.org/entries,1448,0,0
1712160756362,3009,HTTP Request,200,OK,Task 6 Thread 6-71,text,true,,281419,128,16,17,https://api.publicapis.org/entries,407,0,0
1712160753799,5682,HTTP Request,200,OK,Task 6 Thread 6-122,text,true,,281419,128,16,17,https://api.publicapis.org/entries,397,0,0
1712160757486,2079,HTTP Request,200,OK,Task 6 Thread 6-72,text,true,,281419,128,15,16,https://api.publicapis.org/entries,343,0,0
1712160758016,1567,HTTP Request,200,OK,Task 6 Thread 6-112,text,true,,281419,128,14,15,https://api.publicapis.org/entries,262,0,0
1712160757933,1663,HTTP Request,200,OK,Task 6 Thread 6-140,text,true,,281419,128,13,14,https://api.publicapis.org/entries,244,0,0
1712160756120,3591,HTTP Request,200,OK,Task 6 Thread 6-123,text,true,,281419,128,12,13,https://api.publicapis.org/entries,339,0,0
1712160756884,2847,HTTP Request,200,OK,Task 6 Thread 6-149,text,true,,281419,128,12,13,https://api.publicapis.org/entries,289,0,0
1712160758325,1538,HTTP Request,200,OK,Task 6 Thread 6-51,text,true,,281419,128,11,12,https://api.publicapis.org/entries,241,0,0
1712160755099,4917,HTTP Request,200,OK,Task 6 Thread 6-58,text,true,,281419,128,10,11,https://api.publicapis.org/entries,249,0,0
1712160757080,3147,HTTP Request,200,OK,Task 6 Thread 6-133,text,true,,281419,128,10,11,https://api.publicapis.org/entries,298,0,0
1712160757540,2808,HTTP Request,200,OK,Task 6 Thread 6-99,text,true,,281419,128,9,10,https://api.publicapis.org/entries,305,0,0
1712160741689,18934,HTTP Request,200,OK,Task 6 Thread 6-141,text,true,,281419,128,9,10,https://api.publicapis.org/entries,4101,0,0
1712160746713,14195,HTTP Request,200,OK,Task 6 Thread 6-100,text,true,,281419,128,9,10,https://api.publicapis.org/entries,319,0,0
1712160759711,1834,HTTP Request,200,OK,Task 6 Thread 6-123,text,true,,281419,128,9,10,https://api.publicapis.org/entries,235,0,0
1712160759371,2278,HTTP Request,200,OK,Task 6 Thread 6-71,text,true,,281419,128,8,9,https://api.publicapis.org/entries,230,0,0
1712160760349,1337,HTTP Request,200,OK,Task 6 Thread 6-99,text,true,,281419,128,7,8,https://api.publicapis.org/entries,302,0,0
1712160759340,2765,HTTP Request,200,OK,Task 6 Thread 6-103,text,true,,281419,128,6,7,https://api.publicapis.org/entries,243,0,0
1712160757636,4586,HTTP Request,200,OK,Task 6 Thread 6-135,text,true,,281419,128,5,6,https://api.publicapis.org/entries,280,0,0
1712160758349,3874,HTTP Request,200,OK,Task 6 Thread 6-148,text,true,,281419,128,5,6,https://api.publicapis.org/entries,256,0,0
1712160760016,3351,HTTP Request,200,OK,Task 6 Thread 6-58,text,true,,281419,128,4,4,https://api.publicapis.org/entries,233,0,0
1712160762223,2394,HTTP Request,200,OK,Task 6 Thread 6-148,text,true,,281419,128,3,3,https://api.publicapis.org/entries,236,0,0
1712160760909,4310,HTTP Request,200,OK,Task 6 Thread 6-100,text,true,,281419,128,3,3,https://api.publicapis.org/entries,273,0,0
1712160764617,1408,HTTP Request,200,OK,Task 6 Thread 6-148,text,true,,281419,128,3,3,https://api.publicapis.org/entries,347,0,0
1712160760624,6262,HTTP Request,200,OK,Task 6 Thread 6-141,text,true,,281419,128,2,2,https://api.publicapis.org/entries,701,0,0
1712160765220,2270,HTTP Request,200,OK,Task 6 Thread 6-100,text,true,,281419,128,2,2,https://api.publicapis.org/entries,294,0,0
1712160766886,2451,HTTP Request,200,OK,Task 6 Thread 6-141,text,true,,281419,128,1,1,https://api.publicapis.org/entries,319,0,0
